-- Заполнение тестовыми данными

INSERT INTO public.decisions (decision_id, request_id, policy_id, result, "timestamp") VALUES (2, 10, NULL, false, '2026-04-19 09:59:47.108201');
INSERT INTO public.decisions (decision_id, request_id, policy_id, result, "timestamp") VALUES (8, 16, NULL, false, '2026-04-19 09:59:47.108201');
INSERT INTO public.decisions (decision_id, request_id, policy_id, result, "timestamp") VALUES (9, 17, NULL, false, '2026-04-19 09:59:47.108201');
INSERT INTO public.decisions (decision_id, request_id, policy_id, result, "timestamp") VALUES (10, 18, NULL, false, '2026-04-19 09:59:47.108201');
INSERT INTO public.decisions (decision_id, request_id, policy_id, result, "timestamp") VALUES (11, 19, NULL, false, '2026-04-19 09:59:47.108201');
INSERT INTO public.decisions (decision_id, request_id, policy_id, result, "timestamp") VALUES (12, 20, NULL, false, '2026-04-19 09:59:47.108201');
INSERT INTO public.decisions (decision_id, request_id, policy_id, result, "timestamp") VALUES (13, 21, NULL, false, '2026-04-19 09:59:47.108201');
INSERT INTO public.decisions (decision_id, request_id, policy_id, result, "timestamp") VALUES (14, 22, NULL, false, '2026-04-19 09:59:47.108201');
INSERT INTO public.decisions (decision_id, request_id, policy_id, result, "timestamp") VALUES (15, 23, NULL, false, '2026-04-19 09:59:47.108201');
INSERT INTO public.decisions (decision_id, request_id, policy_id, result, "timestamp") VALUES (16, 24, NULL, false, '2026-04-19 09:59:47.108201');
INSERT INTO public.decisions (decision_id, request_id, policy_id, result, "timestamp") VALUES (17, 25, NULL, false, '2026-04-19 09:59:47.108201');
INSERT INTO public.decisions (decision_id, request_id, policy_id, result, "timestamp") VALUES (18, 26, NULL, false, '2026-04-19 09:59:47.108201');
INSERT INTO public.decisions (decision_id, request_id, policy_id, result, "timestamp") VALUES (19, 27, NULL, false, '2026-04-19 09:59:47.108201');
INSERT INTO public.decisions (decision_id, request_id, policy_id, result, "timestamp") VALUES (23, 31, NULL, false, '2026-04-19 09:59:47.108201');
INSERT INTO public.decisions (decision_id, request_id, policy_id, result, "timestamp") VALUES (24, 32, NULL, false, '2026-04-19 09:59:47.108201');
INSERT INTO public.decisions (decision_id, request_id, policy_id, result, "timestamp") VALUES (25, 33, NULL, false, '2026-04-19 09:59:47.108201');
INSERT INTO public.decisions (decision_id, request_id, policy_id, result, "timestamp") VALUES (26, 34, NULL, false, '2026-04-19 09:59:47.108201');
INSERT INTO public.decisions (decision_id, request_id, policy_id, result, "timestamp") VALUES (27, 35, NULL, false, '2026-04-19 09:59:47.108201');
INSERT INTO public.decisions (decision_id, request_id, policy_id, result, "timestamp") VALUES (28, 36, NULL, false, '2026-04-19 09:59:47.108201');
INSERT INTO public.decisions (decision_id, request_id, policy_id, result, "timestamp") VALUES (29, 37, NULL, false, '2026-04-19 09:59:47.108201');
INSERT INTO public.decisions (decision_id, request_id, policy_id, result, "timestamp") VALUES (31, 39, NULL, false, '2026-04-19 09:59:47.108201');
INSERT INTO public.decisions (decision_id, request_id, policy_id, result, "timestamp") VALUES (32, 40, NULL, false, '2026-04-19 09:59:47.108201');
INSERT INTO public.decisions (decision_id, request_id, policy_id, result, "timestamp") VALUES (38, 46, NULL, false, '2026-04-19 09:59:47.108201');
INSERT INTO public.decisions (decision_id, request_id, policy_id, result, "timestamp") VALUES (54, 61, NULL, false, '2026-04-19 09:59:47.108201');
INSERT INTO public.decisions (decision_id, request_id, policy_id, result, "timestamp") VALUES (55, 62, NULL, false, '2026-04-19 09:59:47.108201');
INSERT INTO public.decisions (decision_id, request_id, policy_id, result, "timestamp") VALUES (56, 63, NULL, false, '2026-04-19 09:59:47.108201');
INSERT INTO public.decisions (decision_id, request_id, policy_id, result, "timestamp") VALUES (57, 64, NULL, false, '2026-04-19 10:00:32.6208');
INSERT INTO public.decisions (decision_id, request_id, policy_id, result, "timestamp") VALUES (58, 65, NULL, false, '2026-04-19 10:02:37.266884');
INSERT INTO public.decisions (decision_id, request_id, policy_id, result, "timestamp") VALUES (59, 66, NULL, false, '2026-04-19 10:03:24.428296');
INSERT INTO public.decisions (decision_id, request_id, policy_id, result, "timestamp") VALUES (60, 67, NULL, false, '2026-04-19 10:04:57.404255');
INSERT INTO public.decisions (decision_id, request_id, policy_id, result, "timestamp") VALUES (61, 68, NULL, false, '2026-04-19 10:05:40.178511');
INSERT INTO public.decisions (decision_id, request_id, policy_id, result, "timestamp") VALUES (62, 69, NULL, false, '2026-04-19 10:06:46.571759');
INSERT INTO public.decisions (decision_id, request_id, policy_id, result, "timestamp") VALUES (63, 70, NULL, false, '2026-04-19 10:07:37.479772');
INSERT INTO public.decisions (decision_id, request_id, policy_id, result, "timestamp") VALUES (64, 71, NULL, false, '2026-04-19 10:08:25.337519');
INSERT INTO public.decisions (decision_id, request_id, policy_id, result, "timestamp") VALUES (65, 72, 61, true, '2026-04-19 10:11:16.65313');
INSERT INTO public.decisions (decision_id, request_id, policy_id, result, "timestamp") VALUES (69, 76, NULL, false, '2026-04-19 10:15:40.30759');
INSERT INTO public.decisions (decision_id, request_id, policy_id, result, "timestamp") VALUES (70, 77, NULL, false, '2026-04-19 10:17:40.413692');
INSERT INTO public.decisions (decision_id, request_id, policy_id, result, "timestamp") VALUES (71, 78, NULL, false, '2026-04-19 10:25:01.542516');
INSERT INTO public.decisions (decision_id, request_id, policy_id, result, "timestamp") VALUES (72, 79, 61, true, '2026-04-19 10:47:41.616798');
INSERT INTO public.decisions (decision_id, request_id, policy_id, result, "timestamp") VALUES (73, 80, NULL, false, '2026-04-19 10:48:12.918801');
INSERT INTO public.decisions (decision_id, request_id, policy_id, result, "timestamp") VALUES (74, 81, NULL, false, '2026-04-19 10:48:47.38577');
INSERT INTO public.decisions (decision_id, request_id, policy_id, result, "timestamp") VALUES (75, 82, NULL, false, '2026-04-19 10:49:42.183569');
INSERT INTO public.decisions (decision_id, request_id, policy_id, result, "timestamp") VALUES (76, 83, NULL, false, '2026-04-19 10:55:01.784177');
INSERT INTO public.decisions (decision_id, request_id, policy_id, result, "timestamp") VALUES (77, 84, NULL, false, '2026-04-19 11:05:01.879843');
INSERT INTO public.decisions (decision_id, request_id, policy_id, result, "timestamp") VALUES (79, 85, 61, true, '0001-01-01 00:00:00');
INSERT INTO public.decisions (decision_id, request_id, policy_id, result, "timestamp") VALUES (80, 86, 61, true, '2026-04-19 11:13:32.089948');
INSERT INTO public.decisions (decision_id, request_id, policy_id, result, "timestamp") VALUES (81, 87, NULL, false, '2026-04-19 11:15:01.973263');
INSERT INTO public.decisions (decision_id, request_id, policy_id, result, "timestamp") VALUES (82, 88, NULL, false, '2026-04-19 11:17:01.079114');
INSERT INTO public.decisions (decision_id, request_id, policy_id, result, "timestamp") VALUES (83, 89, NULL, false, '2026-04-19 11:25:01.172876');
INSERT INTO public.decisions (decision_id, request_id, policy_id, result, "timestamp") VALUES (84, 90, NULL, false, '2026-04-19 11:30:01.238146');
INSERT INTO public.decisions (decision_id, request_id, policy_id, result, "timestamp") VALUES (85, 91, NULL, false, '2026-04-19 11:35:01.328078');
INSERT INTO public.decisions (decision_id, request_id, policy_id, result, "timestamp") VALUES (86, 92, NULL, false, '2026-04-19 11:45:01.417185');
INSERT INTO public.decisions (decision_id, request_id, policy_id, result, "timestamp") VALUES (87, 93, NULL, false, '2026-04-19 11:55:01.522839');
INSERT INTO public.decisions (decision_id, request_id, policy_id, result, "timestamp") VALUES (88, 94, NULL, false, '2026-04-19 12:05:01.60623');
INSERT INTO public.decisions (decision_id, request_id, policy_id, result, "timestamp") VALUES (89, 95, NULL, false, '2026-04-19 12:15:01.706606');
INSERT INTO public.decisions (decision_id, request_id, policy_id, result, "timestamp") VALUES (90, 96, NULL, false, '2026-04-19 12:17:01.860164');
INSERT INTO public.decisions (decision_id, request_id, policy_id, result, "timestamp") VALUES (91, 97, NULL, false, '2026-04-19 12:25:01.051833');
INSERT INTO public.decisions (decision_id, request_id, policy_id, result, "timestamp") VALUES (92, 98, NULL, false, '2026-04-19 12:30:01.205968');
INSERT INTO public.decisions (decision_id, request_id, policy_id, result, "timestamp") VALUES (93, 99, NULL, false, '2026-04-19 12:35:01.3072');
INSERT INTO public.decisions (decision_id, request_id, policy_id, result, "timestamp") VALUES (94, 100, NULL, false, '2026-04-19 12:45:01.405688');
INSERT INTO public.decisions (decision_id, request_id, policy_id, result, "timestamp") VALUES (95, 101, NULL, false, '2026-04-19 12:55:01.490634');
INSERT INTO public.decisions (decision_id, request_id, policy_id, result, "timestamp") VALUES (96, 102, NULL, false, '2026-04-19 13:05:01.566978');
INSERT INTO public.decisions (decision_id, request_id, policy_id, result, "timestamp") VALUES (97, 103, NULL, false, '2026-04-19 13:20:19.705313');
INSERT INTO public.decisions (decision_id, request_id, policy_id, result, "timestamp") VALUES (98, 104, NULL, false, '2026-04-19 13:22:19.750679');
INSERT INTO public.decisions (decision_id, request_id, policy_id, result, "timestamp") VALUES (99, 105, NULL, false, '2026-04-19 13:30:19.831068');
INSERT INTO public.decisions (decision_id, request_id, policy_id, result, "timestamp") VALUES (100, 106, NULL, false, '2026-04-19 13:37:16.928536');
INSERT INTO public.decisions (decision_id, request_id, policy_id, result, "timestamp") VALUES (101, 107, NULL, false, '2026-04-19 13:42:15.986743');
INSERT INTO public.decisions (decision_id, request_id, policy_id, result, "timestamp") VALUES (102, 108, NULL, false, '2026-04-19 13:52:16.045905');
INSERT INTO public.decisions (decision_id, request_id, policy_id, result, "timestamp") VALUES (103, 109, NULL, false, '2026-04-19 14:02:16.125435');
INSERT INTO public.decisions (decision_id, request_id, policy_id, result, "timestamp") VALUES (104, 110, NULL, false, '2026-04-19 14:12:16.213422');
INSERT INTO public.decisions (decision_id, request_id, policy_id, result, "timestamp") VALUES (105, 111, NULL, false, '2026-04-19 14:22:16.277407');
INSERT INTO public.decisions (decision_id, request_id, policy_id, result, "timestamp") VALUES (106, 112, NULL, false, '2026-04-19 14:24:16.348441');
INSERT INTO public.decisions (decision_id, request_id, policy_id, result, "timestamp") VALUES (107, 113, NULL, false, '2026-04-19 14:32:16.421631');
INSERT INTO public.decisions (decision_id, request_id, policy_id, result, "timestamp") VALUES (108, 114, NULL, false, '2026-04-19 14:37:16.503662');
INSERT INTO public.decisions (decision_id, request_id, policy_id, result, "timestamp") VALUES (109, 115, NULL, false, '2026-04-19 14:42:16.613169');

INSERT INTO public.hosts (host_id, ip) VALUES (1, '192.168.1.10');
INSERT INTO public.hosts (host_id, ip) VALUES (2, '192.168.1.20');
INSERT INTO public.hosts (host_id, ip) VALUES (3, '10.0.0.5');
INSERT INTO public.hosts (host_id, ip) VALUES (4, '10.0.0.6');
INSERT INTO public.hosts (host_id, ip) VALUES (87, '192.168.26.129');
INSERT INTO public.hosts (host_id, ip) VALUES (91, '');

INSERT INTO public.policies (policy_id, policy_name, user_id, rule_id, status) VALUES (1, 'Alice SSH local', 1, 1, true);
INSERT INTO public.policies (policy_id, policy_name, user_id, rule_id, status) VALUES (2, 'Bob HTTP access', 2, 3, true);
INSERT INTO public.policies (policy_id, policy_name, user_id, rule_id, status) VALUES (3, 'Charlie DB denied', 3, 2, false);
INSERT INTO public.policies (policy_id, policy_name, user_id, rule_id, status) VALUES (4, 'Dave FTP denied', 4, 4, false);
INSERT INTO public.policies (policy_id, policy_name, user_id, rule_id, status) VALUES (61, 'policy_clipe-1', 120, 38, true);

INSERT INTO public.requests (request_id, user_id, context, "timestamp") VALUES (10, NULL, '{"host": {"ip": "192.168.26.129", "hostname": "clipe-1"}, "time": {"weekday": "saturday", "timestamp": "2026-04-18T20:59:41Z"}, "user": {"gid": 1001, "uid": 1001, "groups": ["clipe-2", "users"], "username": "clipe-2"}, "action": "login", "service": "su"}', '2026-04-18 20:59:41.892853');
INSERT INTO public.requests (request_id, user_id, context, "timestamp") VALUES (16, NULL, '{"host": {"ip": "192.168.26.129", "hostname": "clipe-1"}, "time": {"weekday": "saturday", "timestamp": "2026-04-18T21:05:01Z"}, "user": {"gid": 0, "uid": 0, "groups": ["root"], "username": "root"}, "action": "login", "service": "cron"}', '2026-04-18 21:05:01.899102');
INSERT INTO public.requests (request_id, user_id, context, "timestamp") VALUES (17, NULL, '{"host": {"ip": "192.168.26.129", "hostname": "clipe-1"}, "time": {"weekday": "saturday", "timestamp": "2026-04-18T21:12:16Z"}, "user": {"gid": 1001, "uid": 1001, "groups": ["clipe-2", "users"], "username": "clipe-2"}, "action": "login", "service": "su"}', '2026-04-18 21:12:17.270055');
INSERT INTO public.requests (request_id, user_id, context, "timestamp") VALUES (18, NULL, '{"host": {"ip": "192.168.26.129", "hostname": "clipe-1"}, "time": {"weekday": "saturday", "timestamp": "2026-04-18T21:15:01Z"}, "user": {"gid": 0, "uid": 0, "groups": ["root"], "username": "root"}, "action": "login", "service": "cron"}', '2026-04-18 21:15:01.993631');
INSERT INTO public.requests (request_id, user_id, context, "timestamp") VALUES (19, NULL, '{"host": {"ip": "192.168.26.129", "hostname": "clipe-1"}, "time": {"weekday": "saturday", "timestamp": "2026-04-18T21:17:01Z"}, "user": {"gid": 0, "uid": 0, "groups": ["root"], "username": "root"}, "action": "login", "service": "cron"}', '2026-04-18 21:17:02.079775');
INSERT INTO public.requests (request_id, user_id, context, "timestamp") VALUES (20, NULL, '{"host": {"ip": "192.168.26.129", "hostname": "clipe-1"}, "time": {"weekday": "saturday", "timestamp": "2026-04-18T21:17:37Z"}, "user": {"gid": 1000, "uid": 1000, "groups": ["clipe-1", "adm", "cdrom", "sudo", "dip", "plugdev", "users", "lpadmin"], "username": "clipe-1"}, "action": "login", "service": "sshd"}', '2026-04-18 21:17:37.936767');
INSERT INTO public.requests (request_id, user_id, context, "timestamp") VALUES (21, NULL, '{"host": {"ip": "192.168.26.129", "hostname": "clipe-1"}, "time": {"weekday": "saturday", "timestamp": "2026-04-18T21:18:36Z"}, "user": {"gid": 1000, "uid": 1000, "groups": ["clipe-1", "adm", "cdrom", "sudo", "dip", "plugdev", "users", "lpadmin"], "username": "clipe-1"}, "action": "login", "service": "sshd"}', '2026-04-18 21:18:36.983716');
INSERT INTO public.requests (request_id, user_id, context, "timestamp") VALUES (22, NULL, '{"host": {"ip": "192.168.26.129", "hostname": "clipe-1"}, "time": {"weekday": "saturday", "timestamp": "2026-04-18T21:18:52Z"}, "user": {"gid": 1000, "uid": 1000, "groups": ["clipe-1", "adm", "cdrom", "sudo", "dip", "plugdev", "users", "lpadmin"], "username": "clipe-1"}, "action": "login", "service": "sshd"}', '2026-04-18 21:18:53.481942');
INSERT INTO public.requests (request_id, user_id, context, "timestamp") VALUES (23, NULL, '{"host": {"ip": "192.168.26.129", "hostname": "clipe-1"}, "time": {"weekday": "saturday", "timestamp": "2026-04-18T21:19:07Z"}, "user": {"gid": 1000, "uid": 1000, "groups": ["clipe-1", "adm", "cdrom", "sudo", "dip", "plugdev", "users", "lpadmin"], "username": "clipe-1"}, "action": "login", "service": "sshd"}', '2026-04-18 21:19:08.215092');
INSERT INTO public.requests (request_id, user_id, context, "timestamp") VALUES (24, NULL, '{"host": {"ip": "192.168.26.129", "hostname": "clipe-1"}, "time": {"weekday": "saturday", "timestamp": "2026-04-18T21:19:35Z"}, "user": {"gid": 1000, "uid": 1000, "groups": ["clipe-1", "adm", "cdrom", "sudo", "dip", "plugdev", "users", "lpadmin"], "username": "clipe-1"}, "action": "login", "service": "sshd"}', '2026-04-18 21:19:36.480521');
INSERT INTO public.requests (request_id, user_id, context, "timestamp") VALUES (25, NULL, '{"host": {"ip": "192.168.26.129", "hostname": "clipe-1"}, "time": {"weekday": "saturday", "timestamp": "2026-04-18T21:21:20Z"}, "user": {"gid": 1000, "uid": 1000, "groups": ["clipe-1", "adm", "cdrom", "sudo", "dip", "plugdev", "users", "lpadmin"], "username": "clipe-1"}, "action": "login", "service": "sshd"}', '2026-04-18 21:21:21.381471');
INSERT INTO public.requests (request_id, user_id, context, "timestamp") VALUES (26, NULL, '{"host": {"ip": "192.168.26.129", "hostname": "clipe-1"}, "time": {"weekday": "saturday", "timestamp": "2026-04-18T21:21:52Z"}, "user": {"gid": 1000, "uid": 1000, "groups": ["clipe-1", "adm", "cdrom", "sudo", "dip", "plugdev", "users", "lpadmin"], "username": "clipe-1"}, "action": "login", "service": "sshd"}', '2026-04-18 21:21:53.519044');
INSERT INTO public.requests (request_id, user_id, context, "timestamp") VALUES (27, NULL, '{"host": {"ip": "192.168.26.129", "hostname": "clipe-1"}, "time": {"weekday": "saturday", "timestamp": "2026-04-18T21:23:24Z"}, "user": {"gid": 1000, "uid": 1000, "groups": ["clipe-1", "adm", "cdrom", "sudo", "dip", "plugdev", "users", "lpadmin"], "username": "clipe-1"}, "action": "login", "service": "sshd"}', '2026-04-18 21:23:25.007886');
INSERT INTO public.requests (request_id, user_id, context, "timestamp") VALUES (31, NULL, '{"host": {"ip": "192.168.26.129", "hostname": "clipe-1"}, "time": {"weekday": "saturday", "timestamp": "2026-04-18T21:24:19Z"}, "user": {"gid": 0, "uid": 0, "groups": ["root"], "username": "root"}, "action": "login", "service": "sudo"}', '2026-04-18 21:24:19.952716');
INSERT INTO public.requests (request_id, user_id, context, "timestamp") VALUES (32, NULL, '{"host": {"ip": "192.168.26.129", "hostname": "clipe-1"}, "time": {"weekday": "sunday", "timestamp": "2026-04-19T07:51:48Z"}, "user": {"gid": 1000, "uid": 1000, "groups": ["clipe-1", "adm", "cdrom", "sudo", "dip", "plugdev", "users", "lpadmin"], "username": "clipe-1"}, "action": "login", "service": "sudo"}', '2026-04-19 07:51:49.357587');
INSERT INTO public.requests (request_id, user_id, context, "timestamp") VALUES (33, NULL, '{"host": {"ip": "192.168.26.129", "hostname": "clipe-1"}, "time": {"weekday": "sunday", "timestamp": "2026-04-19T07:53:18Z"}, "user": {"gid": 1000, "uid": 1000, "groups": ["clipe-1", "adm", "cdrom", "sudo", "dip", "plugdev", "users", "lpadmin"], "username": "clipe-1"}, "action": "login", "service": "sudo"}', '2026-04-19 07:53:18.825089');
INSERT INTO public.requests (request_id, user_id, context, "timestamp") VALUES (34, NULL, '{"host": {"ip": "192.168.26.129", "hostname": "clipe-1"}, "time": {"weekday": "sunday", "timestamp": "2026-04-19T07:55:01Z"}, "user": {"gid": 0, "uid": 0, "groups": ["root"], "username": "root"}, "action": "login", "service": "cron"}', '2026-04-19 07:55:01.860896');
INSERT INTO public.requests (request_id, user_id, context, "timestamp") VALUES (35, NULL, '{"host": {"ip": "192.168.26.129", "hostname": "clipe-1"}, "time": {"weekday": "sunday", "timestamp": "2026-04-19T07:56:45Z"}, "user": {"gid": 1001, "uid": 1001, "groups": ["clipe-2", "users"], "username": "clipe-2"}, "action": "login", "service": "su"}', '2026-04-19 07:56:45.941655');
INSERT INTO public.requests (request_id, user_id, context, "timestamp") VALUES (36, NULL, '{"host": {"ip": "192.168.26.129", "hostname": "clipe-1"}, "time": {"weekday": "sunday", "timestamp": "2026-04-19T07:57:07Z"}, "user": {"gid": 1001, "uid": 1001, "groups": ["clipe-2", "users"], "username": "clipe-2"}, "action": "login", "service": "su"}', '2026-04-19 07:57:08.327786');
INSERT INTO public.requests (request_id, user_id, context, "timestamp") VALUES (37, NULL, '{"host": {"ip": "192.168.26.129", "hostname": "clipe-1"}, "time": {"weekday": "sunday", "timestamp": "2026-04-19T07:57:51Z"}, "user": {"gid": 1000, "uid": 1000, "groups": ["clipe-1", "adm", "cdrom", "sudo", "dip", "plugdev", "users", "lpadmin"], "username": "clipe-1"}, "action": "login", "service": "sudo"}', '2026-04-19 07:57:52.202679');
INSERT INTO public.requests (request_id, user_id, context, "timestamp") VALUES (39, NULL, '{"host": {"ip": "192.168.26.129", "hostname": "clipe-1"}, "time": {"weekday": "sunday", "timestamp": "2026-04-19T08:00:27Z"}, "user": {"gid": 1000, "uid": 1000, "groups": ["clipe-1", "adm", "cdrom", "sudo", "dip", "plugdev", "users", "lpadmin"], "username": "clipe-1"}, "action": "login", "service": "sudo"}', '2026-04-19 08:00:28.372508');
INSERT INTO public.requests (request_id, user_id, context, "timestamp") VALUES (40, NULL, '{"host": {"ip": "192.168.26.129", "hostname": "clipe-1"}, "time": {"weekday": "sunday", "timestamp": "2026-04-19T08:05:01Z"}, "user": {"gid": 0, "uid": 0, "groups": ["root"], "username": "root"}, "action": "login", "service": "cron"}', '2026-04-19 08:05:01.923984');
INSERT INTO public.requests (request_id, user_id, context, "timestamp") VALUES (46, NULL, '{"host": {"ip": "2.0.0.0", "hostname": "test-1"}, "time": {"weekday": "monday", "timestamp": "2026-04-16T17:28:05Z"}, "user": {"gid": 1001, "uid": 1001, "groups": ["test"], "username": "user_e2e"}, "service": "e2e"}', '2026-04-19 08:37:03.040683');
INSERT INTO public.requests (request_id, user_id, context, "timestamp") VALUES (61, NULL, '{"host": {"ip": "192.168.26.129", "hostname": "clipe-1"}, "time": {"weekday": "sunday", "timestamp": "2026-04-19T07:57:22Z"}, "user": {"gid": 1000, "uid": 1000, "groups": ["clipe-1", "adm", "cdrom", "sudo", "dip", "plugdev", "users", "lpadmin"], "username": "clipe-1"}, "service": "sudo"}', '2026-04-19 09:58:01.676021');
INSERT INTO public.requests (request_id, user_id, context, "timestamp") VALUES (62, NULL, '{"host": {"ip": "192.168.26.129", "hostname": "clipe-1"}, "time": {"weekday": "sunday", "timestamp": "2026-04-19T07:57:34Z"}, "user": {"gid": 1000, "uid": 1000, "groups": ["clipe-1", "adm", "cdrom", "sudo", "dip", "plugdev", "users", "lpadmin"], "username": "clipe-1"}, "service": "sshd"}', '2026-04-19 09:58:12.911357');
INSERT INTO public.requests (request_id, user_id, context, "timestamp") VALUES (63, NULL, '{"host": {"ip": "192.168.26.129", "hostname": "clipe-1"}, "time": {"weekday": "sunday", "timestamp": "2026-04-19T07:57:48Z"}, "user": {"gid": 1000, "uid": 1000, "groups": ["clipe-1", "adm", "cdrom", "sudo", "dip", "plugdev", "users", "lpadmin"], "username": "clipe-1"}, "service": "sudo"}', '2026-04-19 09:58:27.67371');
INSERT INTO public.requests (request_id, user_id, context, "timestamp") VALUES (64, NULL, '{"host": {"ip": "192.168.26.129", "hostname": "clipe-1"}, "time": {"weekday": "sunday", "timestamp": "2026-04-19T07:59:53Z"}, "user": {"gid": 1000, "uid": 1000, "groups": ["clipe-1", "adm", "cdrom", "sudo", "dip", "plugdev", "users", "lpadmin"], "username": "clipe-1"}, "service": "sudo"}', '2026-04-19 10:00:32.616486');
INSERT INTO public.requests (request_id, user_id, context, "timestamp") VALUES (65, NULL, '{"host": {"ip": "192.168.26.129", "hostname": "clipe-1"}, "time": {"weekday": "sunday", "timestamp": "2026-04-19T08:01:58Z"}, "user": {"gid": 1000, "uid": 1000, "groups": ["clipe-1", "adm", "cdrom", "sudo", "dip", "plugdev", "users", "lpadmin"], "username": "clipe-1"}, "service": "sshd"}', '2026-04-19 10:02:37.263005');
INSERT INTO public.requests (request_id, user_id, context, "timestamp") VALUES (66, NULL, '{"host": {"ip": "192.168.26.129", "hostname": "clipe-1"}, "time": {"weekday": "sunday", "timestamp": "2026-04-19T08:02:45Z"}, "user": {"gid": 1000, "uid": 1000, "groups": ["clipe-1", "adm", "cdrom", "sudo", "dip", "plugdev", "users", "lpadmin"], "username": "clipe-1"}, "service": "sudo"}', '2026-04-19 10:03:24.415708');
INSERT INTO public.requests (request_id, user_id, context, "timestamp") VALUES (67, NULL, '{"host": {"ip": "192.168.26.129", "hostname": "clipe-1"}, "time": {"weekday": "sunday", "timestamp": "2026-04-19T08:04:18Z"}, "user": {"gid": 1000, "uid": 1000, "groups": ["clipe-1", "adm", "cdrom", "sudo", "dip", "plugdev", "users", "lpadmin"], "username": "clipe-1"}, "service": "sudo"}', '2026-04-19 10:04:57.388358');
INSERT INTO public.requests (request_id, user_id, context, "timestamp") VALUES (68, NULL, '{"host": {"ip": "192.168.26.129", "hostname": "clipe-1"}, "time": {"weekday": "sunday", "timestamp": "2026-04-19T08:05:01Z"}, "user": {"gid": 0, "uid": 0, "groups": ["root"], "username": "root"}, "service": "cron"}', '2026-04-19 10:05:40.173622');
INSERT INTO public.requests (request_id, user_id, context, "timestamp") VALUES (69, NULL, '{"host": {"ip": "192.168.26.129", "hostname": "clipe-1"}, "time": {"weekday": "sunday", "timestamp": "2026-04-19T08:06:07Z"}, "user": {"gid": 1000, "uid": 1000, "groups": ["clipe-1", "adm", "cdrom", "sudo", "dip", "plugdev", "users", "lpadmin"], "username": "clipe-1"}, "service": "sudo"}', '2026-04-19 10:06:46.565351');
INSERT INTO public.requests (request_id, user_id, context, "timestamp") VALUES (70, NULL, '{"host": {"ip": "192.168.26.129", "hostname": "clipe-1"}, "time": {"weekday": "sunday", "timestamp": "2026-04-19T08:06:58Z"}, "user": {"gid": 1000, "uid": 1000, "groups": ["clipe-1", "adm", "cdrom", "sudo", "dip", "plugdev", "users", "lpadmin"], "username": "clipe-1"}, "service": "sudo"}', '2026-04-19 10:07:37.473741');
INSERT INTO public.requests (request_id, user_id, context, "timestamp") VALUES (71, NULL, '{"host": {"ip": "192.168.26.129", "hostname": "clipe-1"}, "time": {"weekday": "sunday", "timestamp": "2026-04-19T08:07:46Z"}, "user": {"gid": 1000, "uid": 1000, "groups": ["clipe-1", "adm", "cdrom", "sudo", "dip", "plugdev", "users", "lpadmin"], "username": "clipe-1"}, "service": "sudo"}', '2026-04-19 10:08:25.329805');
INSERT INTO public.requests (request_id, user_id, context, "timestamp") VALUES (72, 120, '{"host": {"ip": "192.168.26.129", "hostname": "clipe-1"}, "time": {"weekday": "sunday", "timestamp": "2026-04-19T08:10:37Z"}, "user": {"gid": 1000, "uid": 1000, "groups": ["clipe-1", "adm", "cdrom", "sudo", "dip", "plugdev", "users", "lpadmin"], "username": "clipe-1"}, "service": "sudo"}', '2026-04-19 10:11:16.649412');
INSERT INTO public.requests (request_id, user_id, context, "timestamp") VALUES (89, NULL, '{"host": {"ip": "192.168.26.129", "hostname": "clipe-1"}, "time": {"weekday": "sunday", "timestamp": "2026-04-19T08:25:01Z"}, "user": {"gid": 0, "uid": 0, "groups": ["root"], "username": "root"}, "service": "cron"}', '2026-04-19 11:25:01.167836');
INSERT INTO public.requests (request_id, user_id, context, "timestamp") VALUES (76, NULL, '{"host": {"ip": "192.168.26.129", "hostname": "clipe-1"}, "time": {"weekday": "sunday", "timestamp": "2026-04-19T08:15:01Z"}, "user": {"gid": 0, "uid": 0, "groups": ["root"], "username": "root"}, "service": "cron"}', '2026-04-19 10:15:40.302776');
INSERT INTO public.requests (request_id, user_id, context, "timestamp") VALUES (77, NULL, '{"host": {"ip": "192.168.26.129", "hostname": "clipe-1"}, "time": {"weekday": "sunday", "timestamp": "2026-04-19T08:17:01Z"}, "user": {"gid": 0, "uid": 0, "groups": ["root"], "username": "root"}, "service": "cron"}', '2026-04-19 10:17:40.409521');
INSERT INTO public.requests (request_id, user_id, context, "timestamp") VALUES (78, NULL, '{"host": {"ip": "192.168.26.129", "hostname": "clipe-1"}, "time": {"weekday": "sunday", "timestamp": "2026-04-19T07:25:01Z"}, "user": {"gid": 0, "uid": 0, "groups": ["root"], "username": "root"}, "service": "cron"}', '2026-04-19 10:25:01.537179');
INSERT INTO public.requests (request_id, user_id, context, "timestamp") VALUES (79, 120, '{"host": {"ip": "192.168.26.129", "hostname": "clipe-1"}, "time": {"weekday": "sunday", "timestamp": "2026-04-19T07:47:41Z"}, "user": {"gid": 1000, "uid": 1000, "groups": ["clipe-1", "adm", "cdrom", "sudo", "dip", "plugdev", "users", "lpadmin"], "username": "clipe-1"}, "service": "sudo"}', '2026-04-19 10:47:41.61127');
INSERT INTO public.requests (request_id, user_id, context, "timestamp") VALUES (80, NULL, '{"host": {"ip": "192.168.26.129", "hostname": "clipe-1"}, "time": {"weekday": "sunday", "timestamp": "2026-04-19T07:48:12Z"}, "user": {"gid": 1001, "uid": 1001, "groups": ["clipe-2", "users"], "username": "clipe-2"}, "service": "su"}', '2026-04-19 10:48:12.913763');
INSERT INTO public.requests (request_id, user_id, context, "timestamp") VALUES (81, NULL, '{"host": {"ip": "192.168.26.129", "hostname": "clipe-1"}, "time": {"weekday": "sunday", "timestamp": "2026-04-19T07:48:47Z"}, "user": {"gid": 1001, "uid": 1001, "groups": ["clipe-2", "users"], "username": "clipe-2"}, "service": "su"}', '2026-04-19 10:48:47.370093');
INSERT INTO public.requests (request_id, user_id, context, "timestamp") VALUES (82, NULL, '{"host": {"ip": "192.168.26.129", "hostname": "clipe-1"}, "time": {"weekday": "sunday", "timestamp": "2026-04-19T07:49:42Z"}, "user": {"gid": 1001, "uid": 1001, "groups": ["clipe-2", "users"], "username": "clipe-2"}, "service": "su"}', '2026-04-19 10:49:42.177704');
INSERT INTO public.requests (request_id, user_id, context, "timestamp") VALUES (83, NULL, '{"host": {"ip": "192.168.26.129", "hostname": "clipe-1"}, "time": {"weekday": "sunday", "timestamp": "2026-04-19T07:55:01Z"}, "user": {"gid": 0, "uid": 0, "groups": ["root"], "username": "root"}, "service": "cron"}', '2026-04-19 10:55:01.779389');
INSERT INTO public.requests (request_id, user_id, context, "timestamp") VALUES (84, NULL, '{"host": {"ip": "192.168.26.129", "hostname": "clipe-1"}, "time": {"weekday": "sunday", "timestamp": "2026-04-19T08:05:01Z"}, "user": {"gid": 0, "uid": 0, "groups": ["root"], "username": "root"}, "service": "cron"}', '2026-04-19 11:05:01.874612');
INSERT INTO public.requests (request_id, user_id, context, "timestamp") VALUES (85, 120, '{"host": {"ip": "192.168.26.129", "hostname": "clipe-1"}, "time": {"weekday": "sunday", "timestamp": "2026-04-19T08:08:05Z"}, "user": {"gid": 1000, "uid": 1000, "groups": ["clipe-1", "adm", "cdrom", "sudo", "dip", "plugdev", "users", "lpadmin"], "username": "clipe-1"}, "service": "sudo"}', '0001-01-01 00:00:00');
INSERT INTO public.requests (request_id, user_id, context, "timestamp") VALUES (86, 120, '{"host": {"ip": "192.168.26.129", "hostname": "clipe-1"}, "time": {"weekday": "sunday", "timestamp": "2026-04-19T08:13:32Z"}, "user": {"gid": 1000, "uid": 1000, "groups": ["clipe-1", "adm", "cdrom", "sudo", "dip", "plugdev", "users", "lpadmin"], "username": "clipe-1"}, "service": "sudo"}', '2026-04-19 11:13:32.08255');

INSERT INTO public.rules (rule_id, rule_name, condition, effect) VALUES (1, 'Allow local SSH', '{"service": "ssh", "ip_range": "192.168.1.0/24"}', true);
INSERT INTO public.rules (rule_id, rule_name, condition, effect) VALUES (2, 'Deny external DB', '{"service": "database", "ip_range": "0.0.0.0/0"}', false);
INSERT INTO public.rules (rule_id, rule_name, condition, effect) VALUES (3, 'Allow HTTP', '{"service": "http"}', true);
INSERT INTO public.rules (rule_id, rule_name, condition, effect) VALUES (4, 'Deny FTP for group 200', '{"gid": 200, "service": "ftp"}', false);
INSERT INTO public.rules (rule_id, rule_name, condition, effect) VALUES (38, 'test_39', '[]', true);
INSERT INTO public.rules (rule_id, rule_name, condition, effect) VALUES (58, 'test_19/04', '[]', true);

INSERT INTO public.users (user_id, user_name, uid, gid, host_id) VALUES (120, 'clipe-1', 1000, 1000, 87);
INSERT INTO public.users (user_id, user_name, uid, gid, host_id) VALUES (121, 'clipe-2', 1001, 1001, 87);
INSERT INTO public.users (user_id, user_name, uid, gid, host_id) VALUES (122, 'clipe-3', 1002, 1002, 87);
INSERT INTO public.users (user_id, user_name, uid, gid, host_id) VALUES (1, 'alice', 1001, 100, 1);
INSERT INTO public.users (user_id, user_name, uid, gid, host_id) VALUES (2, 'bob', 1002, 100, 2);
INSERT INTO public.users (user_id, user_name, uid, gid, host_id) VALUES (3, 'charlie', 1003, 200, 3);
INSERT INTO public.users (user_id, user_name, uid, gid, host_id) VALUES (4, 'dave', 1004, 200, 4);

SELECT pg_catalog.setval('public.decisions_decision_id_seq', 109, true);

SELECT pg_catalog.setval('public.hosts_host_id_seq', 95, true);

SELECT pg_catalog.setval('public.policies_policy_id_seq', 64, true);

SELECT pg_catalog.setval('public.requests_request_id_seq', 115, true);

SELECT pg_catalog.setval('public.rules_rule_id_seq', 61, true);

SELECT pg_catalog.setval('public.users_user_id_seq', 125, true);